{
    "generation1": [
        {
            "fitness": 1068,
            "healthy": 223,
            "infectious": 0,
            "sick": 0,
            "recovered": 2,
            "dead": 0,
            "healthcare": 0.7716147200532706,
            "hygiene": 0.49830647980369003,
            "mask": 0.8967430513511874,
            "distancing": 0.6156541160893577,
            "curfew": 0.6387545652384969,
            "test_rate": 0.456740464836479,
            "quarantine_rules": 3,
            "isolation_rules": 2
        },
        {
            "fitness": 1045,
            "healthy": 211,
            "infectious": 0,
            "sick": 0,
            "recovered": 14,
            "dead": 0,
            "healthcare": 0.18325420305882234,
            "hygiene": 0.257213842734794,
            "mask": 0.9825633807604521,
            "distancing": 0.3850498948558705,
            "curfew": 0.6280339904120105,
            "test_rate": 0.6574339160171183,
            "quarantine_rules": 1,
            "isolation_rules": 2
        },
        {
            "fitness": 443,
            "healthy": 10,
            "infectious": 0,
            "sick": 0,
            "recovered": 213,
            "dead": 2,
            "healthcare": 0.3482688974482021,
            "hygiene": 0.41592727913389094,
            "mask": 0.2917634067100485,
            "distancing": 0.15016993161042103,
            "curfew": 0.9464741149499662,
            "test_rate": 0.2894776561081348,
            "quarantine_rules": 2,
            "isolation_rules": 2
        },
        {
            "fitness": 424,
            "healthy": 5,
            "infectious": 0,
            "sick": 0,
            "recovered": 218,
            "dead": 2,
            "healthcare": 0.9212309255268996,
            "hygiene": 0.6581660728601045,
            "mask": 0.5946441692079667,
            "distancing": 0.1618549833324584,
            "curfew": 0.8558910831608173,
            "test_rate": 0.05764866287980297,
            "quarantine_rules": 3,
            "isolation_rules": 0
        }
    ],
    "generation2": [
        {
            "fitness": 411,
            "healthy": 4,
            "infectious": 0,
            "sick": 0,
            "recovered": 218,
            "dead": 3,
            "healthcare": 0.7716147200532706,
            "hygiene": 0.49830647980369003,
            "mask": 0.6326008362728536,
            "distancing": 0.0893104759473914,
            "curfew": 0.510480433199892,
            "test_rate": 0.456740464836479,
            "quarantine_rules": 4,
            "isolation_rules": 3
        },
        {
            "fitness": 410,
            "healthy": 0,
            "infectious": 0,
            "sick": 0,
            "recovered": 219,
            "dead": 6,
            "healthcare": 0,
            "hygiene": 0.49830647980369003,
            "mask": 0.795552286257119,
            "distancing": 0.13102244169332844,
            "curfew": 0.6400743987700164,
            "test_rate": 0.9154354883913114,
            "quarantine_rules": 0,
            "isolation_rules": 2
        },
        {
            "fitness": 410,
            "healthy": 0,
            "infectious": 0,
            "sick": 0,
            "recovered": 218,
            "dead": 7,
            "healthcare": 0.1326303525570816,
            "hygiene": 0.49830647980369003,
            "mask": 0.8573878659331462,
            "distancing": 0.3850498948558705,
            "curfew": 0.547699938186738,
            "test_rate": 0.46482521449278347,
            "quarantine_rules": 0,
            "isolation_rules": 2
        },
        {
            "fitness": 405,
            "healthy": 1,
            "infectious": 0,
            "sick": 1,
            "recovered": 220,
            "dead": 3,
            "healthcare": 0.7716147200532706,
            "hygiene": 0.257213842734794,
            "mask": 0.9825633807604521,
            "distancing": 0.3954643116461079,
            "curfew": 0.9355617852979674,
            "test_rate": 0.30490369512186655,
            "quarantine_rules": 3,
            "isolation_rules": 1
        }
    ]
}